gun_id,is_stolen,gun_type
0,Unknown,223 Rem [AR-15]
1,Not-stolen,9mm
2,Unknown,300 Win
3,Not-stolen,10mm
4,Stolen,25 Auto
5,Unknown,30-30 Win
6,Stolen,38 Spl
7,Stolen,20 gauge
8,Not-stolen,308 Win
9,Not-stolen,Handgun
10,Stolen,28 gauge
11,Stolen,16 gauge
12,Stolen,12 gauge
13,Not-stolen,Shotgun
14,Unknown,30-06 Spr
15,Not-stolen,7.62 [AK-47]
16,Stolen,40 SW
17,Unknown,Unknown
18,Not-stolen,25 Auto
19,Not-stolen,20 gauge
20,Not-stolen,38 Spl
21,Stolen,223 Rem [AR-15]
22,Not-stolen,16 gauge
23,Stolen,300 Win
24,Unknown,Rifle
25,Not-stolen,22 LR
26,Unknown,357 Mag
27,Stolen,30-30 Win
28,Unknown,Other
29,Not-stolen,40 SW
30,Not-stolen,44 Mag
31,Unknown,Shotgun
32,Stolen,30-06 Spr
33,Not-stolen,410 gauge
34,Unknown,45 Auto
35,Unknown,32 Auto
36,Not-stolen,223 Rem [AR-15]
37,Stolen,Unknown
38,Unknown,380 Auto
39,Not-stolen,300 Win
40,Not-stolen,30-30 Win
41,Unknown,9mm
42,Not-stolen,12 gauge
43,Stolen,Rifle
44,Irrelevant,Irrelevant
45,Unknown,22 LR
46,Unknown,10mm
47,Stolen,357 Mag
48,Stolen,Other
49,Unknown,308 Win
50,Unknown,Handgun
51,Not-stolen,Unknown
52,Stolen,Shotgun
53,Unknown,44 Mag
54,Unknown,7.62 [AK-47]
55,Stolen,45 Auto
56,Stolen,32 Auto
57,Unknown,410 gauge
58,Stolen,380 Auto
59,Not-stolen,Rifle
60,Not-stolen,357 Mag
61,Unknown,25 Auto
62,Not-stolen,Other
63,Unknown,38 Spl
64,Unknown,20 gauge
65,Stolen,9mm
66,Unknown,16 gauge
67,Unknown,12 gauge
68,Not-stolen,30-06 Spr
69,Stolen,22 LR
70,Stolen,10mm
71,Not-stolen,45 Auto
72,Not-stolen,32 Auto
73,Unknown,40 SW
74,Stolen,308 Win
75,Stolen,Handgun
76,Not-stolen,380 Auto
77,Stolen,44 Mag
78,Stolen,7.62 [AK-47]
79,Stolen,410 gauge
