participant_id,type,status,gender,age_group
0,Suspect,Unharmed,Male,Child 0-11
1,Suspect,Arrested,Male,Teen 12-17
2,Suspect,Unharmed,Female,Teen 12-17
3,Victim,Unharmed,Female,Teen 12-17
4,Victim,Arrested,Male,Teen 12-17
5,Suspect,Injured,Male,Child 0-11
6,Suspect,Killed,Male,Adult 18+
7,Suspect,Injured,Female,Teen 12-17
8,Victim,Killed,Male,Child 0-11
9,Victim,Injured,Male,Child 0-11
10,Victim,Killed,Female,Teen 12-17
11,Victim,Unharmed,Male,Child 0-11
12,Suspect,Arrested,Female,Adult 18+
13,Victim,Arrested,Female,Adult 18+
14,Suspect,Killed,Female,Teen 12-17
15,Suspect,Unharmed,Male,Teen 12-17
16,Victim,Unharmed,Male,Teen 12-17
17,Suspect,Killed,Male,Child 0-11
18,Victim,Injured,Female,Adult 18+
19,Victim,Injured,Male,Teen 12-17
20,Victim,Killed,Male,Teen 12-17
21,Suspect,Injured,Male,Teen 12-17
22,Suspect,Unharmed,Female,Adult 18+
23,Victim,Arrested,Male,Adult 18+
24,Victim,Unharmed,Female,Adult 18+
25,Suspect,Arrested,Male,Adult 18+
26,Suspect,Arrested,Female,Child 0-11
27,Victim,Killed,Female,Adult 18+
28,Victim,Arrested,Female,Child 0-11
29,Suspect,Injured,Female,Adult 18+
30,Suspect,Killed,Female,Adult 18+
31,Suspect,Killed,Male,Teen 12-17
32,Victim,Injured,Female,Child 0-11
33,Suspect,Unharmed,Male,Adult 18+
34,Suspect,Unharmed,Female,Child 0-11
35,Suspect,Arrested,Male,Child 0-11
36,Victim,Unharmed,Male,Adult 18+
37,Victim,Unharmed,Female,Child 0-11
38,Victim,Arrested,Male,Child 0-11
39,Victim,Arrested,Female,Teen 12-17
40,Suspect,Injured,Male,Adult 18+
41,Suspect,Arrested,Female,Teen 12-17
42,Victim,Killed,Male,Adult 18+
43,Victim,Injured,Male,Adult 18+
44,Victim,Killed,Female,Child 0-11
45,Suspect,Injured,Female,Child 0-11
46,Suspect,Killed,Female,Child 0-11
47,Victim,Injured,Female,Teen 12-17
